Type,Name,Request Count,Failure Count,Median Response Time,Average Response Time,Min Response Time,Max Response Time,Average Content Size,Requests/s,Failures/s,50%,66%,75%,80%,90%,95%,98%,99%,99.9%,99.99%,100%
GET,/health,1557,0,3,3.392251958906651,1.4347999986057403,16.74039999852539,15.0,13.172647839706606,0.0,3,4,4,4,5,5,7,8,16,17,17
GET,/models,1547,0,3,3.5330005817563492,1.4924999995855615,41.38830000010785,107.0,13.088045091860064,0.0,3,4,4,4,5,6,7,10,33,41,41
POST,/orchestrate,14092,0,46,46.15273714873274,2.0898000002489425,91.2971000016114,87.0,119.22219226534715,0.0,46,47,47,48,49,51,52,54,65,88,91
,Aggregated,17196,0,45,38.4468283379818,1.4347999986057403,91.2971000016114,82.28006513142591,145.4828851969138,0.0,45,46,47,47,49,50,52,53,64,88,91
