Type,Name,Request Count,Failure Count,Median Response Time,Average Response Time,Min Response Time,Max Response Time,Average Content Size,Requests/s,Failures/s,50%,66%,75%,80%,90%,95%,98%,99%,99.9%,99.99%,100%
GET,/health,410,0,3,2.6467931707573857,1.5708999999333173,6.618399998842506,15.0,6.965585867456356,0.0,3,3,3,3,3,4,4,4,7,7,7
GET,/models,369,0,3,2.6906046070192238,1.648500001465436,5.495200000950717,107.0,6.269027280710721,0.0,3,3,3,3,4,4,4,5,5,5,5
POST,/orchestrate,3510,0,45,45.639740683762795,2.2052000003895955,66.7529000002105,87.0,59.63221071895563,0.0,45,46,47,47,49,50,51,51,53,67,67
,Aggregated,4289,0,45,37.83481186757008,1.5708999999333173,66.7529000002105,81.83795756586616,72.86682386712272,0.0,45,46,46,47,48,50,51,51,53,67,67
